season,match_no,team_1,team_1_score,team_2,team_2_score,player_of_match,toss_winner,toss_decision,winner,venue,city,date,win_by_wickets,win_by_runs,result,umpire_1,umpire_2
2011/12,Final,Barisal Burners,140/7,Dhaka Gladiators,144/2,Imran Nazir,Dhaka Gladiators,field first,Dhaka,"Shere Bangla National Stadium, Mirpur",Mirpur,Feb 29 2012,8,0,8 wickets,David Orchard,Enamul Haque
2011/12,2nd,Chittagong Kings,206/4,Duronto Rajshahi,153,Dwayne Bravo,Chittagong Kings,bat first,Chittagong,"Shere Bangla National Stadium, Mirpur",Mirpur,Feb 10 2012,0,53,53 runs,Jeremy Lloyds,Sharfuddoula
2011/12,4th,Barisal Burners,180/2,Duronto Rajshahi,158/9,Ahmed Shehzad,Barisal Burners,bat first,Barisal,"Shere Bangla National Stadium, Mirpur",Mirpur,Feb 11 2012,0,22,22 runs,David Orchard,Gazi Sohel
2011/12,3rd,Khulna Royal Bengals,175/5,Dhaka Gladiators,156/7,Andre Russell,Khulna Royal Bengals,bat first,Khulna,"Shere Bangla National Stadium, Mirpur",Mirpur,Feb 11 2012,0,19,19 runs,Jeremy Lloyds,Sharfuddoula
2011/12,7th,Barisal Burners,125,Khulna Royal Bengals,131/3,Dwayne Smith,Khulna Royal Bengals,field first,Khulna,"Shere Bangla National Stadium, Mirpur",Mirpur,Feb 13 2012,7,0,7 wickets,Enamul Haque,Jeremy Lloyds
2011/12,6th,Sylhet Royals,124,Dhaka Gladiators,126/3,Anamul Haque,Sylhet Royals,bat first,Dhaka,"Shere Bangla National Stadium, Mirpur",Mirpur,Feb 12 2012,7,0,7 wickets,Jeremy Lloyds,Sharfuddoula
2011/12,5th,Khulna Royal Bengals,171/3,Chittagong Kings,174/4,Nasir Jamshed,Khulna Royal Bengals,bat first,Chittagong,"Shere Bangla National Stadium, Mirpur",Mirpur,Feb 12 2012,6,0,6 wickets,David Orchard,Enamul Haque
2011/12,8th,Chittagong Kings,153/6,Dhaka Gladiators,156/4,Kieron Pollard,Chittagong Kings,bat first,Dhaka,"Shere Bangla National Stadium, Mirpur",Mirpur,Feb 13 2012,6,0,6 wickets,David Orchard,Sharfuddoula
2011/12,9th,Duronto Rajshahi,171/8,Sylhet Royals,155/4,Marlon Samuels,Duronto Rajshahi,bat first,Rajshahi,"Shere Bangla National Stadium, Mirpur",Mirpur,Feb 14 2012,0,16,16 runs,David Orchard,Enamul Haque
2011/12,10th,Dhaka Gladiators,208/5,Barisal Burners,187/5,Azhar Mahmood,Barisal Burners,field first,Dhaka,"Shere Bangla National Stadium, Mirpur",Mirpur,Feb 14 2012,0,21,21 runs,Jeremy Lloyds,Sharfuddoula
2015/16,17th,Comilla Victorians,141/7,Dhaka Dynamites,131/6,Ashar Zaidi,Dhaka Dynamites,field first,Victorians,"Zahur Ahmed Chowdhury Stadium, Chittagong",Chittagong, Dec 2 2015,0,10,10 runs,Mahfuzur Rahman,Tanvir Ahmed
2015/16,16th,Dhaka Dynamites,158/5,Barisal Bulls,159/1,Evin Lewis,Barisal Bulls,field first,Bulls,"Zahur Ahmed Chowdhury Stadium, Chittagong",Chittagong, Dec 1 2015,9,0,9 wickets,Enamul Haque,Ranmore Martinesz
2015/16,15th,Chittagong Vikings,111/8,Rangpur Riders,113/1,Soumya Sarkar,Chittagong Vikings,bat first,Riders,"Zahur Ahmed Chowdhury Stadium, Chittagong",Chittagong, Dec 1 2015,9,0,9 wickets,Enamul Haque,Sharfuddoula
2015/16,18th,Sylhet Super Stars,139/9,Chittagong Vikings,140/0,Tillakaratne Dilshan,Chittagong Vikings,field first,Vikings,"Zahur Ahmed Chowdhury Stadium, Chittagong",Chittagong, Dec 2 2015,10,0,10 wickets,Anisur Rahman,Morshed Ali Khan
2015/16,19th,Rangpur Riders,104/9,Barisal Bulls,75/4,Al-Amin Hossain,Barisal Bulls,field first,Bulls,"Zahur Ahmed Chowdhury Stadium, Chittagong",Chittagong, Dec 3 2015,6,0,6 wickets,Anisur Rahman,Ranmore Martinesz
2019/20,19th,Sylhet Thunder,174/4,Dhaka Platoon,175/2,Mahedi Hasan,Sylhet Thunder,bat first,Platoon,"Zahur Ahmed Chowdhury Stadium, Chattogram",Chattogram,Dec 24 2019,8,0,8 wickets,David Millns,Gazi Sohel
2019/20,17th,Cumilla Warriors,160/3,Dhaka Platoon,161/5,Mahedi Hasan,Dhaka Platoon,field first,Platoon,"Zahur Ahmed Chowdhury Stadium, Chattogram",Chattogram,Dec 23 2019,5,0,5 wickets,Gazi Sohel,Prageeth Rambukwella
2019/20,18th,Khulna Tigers,145/9,Rajshahi Royals,149/3,Andre Russell,Rajshahi Royals,field first,Royals,"Zahur Ahmed Chowdhury Stadium, Chattogram",Chattogram,Dec 23 2019,7,0,7 wickets,David Millns,Morshed Ali Khan
2016/17,5th,Khulna Titans,44,Rangpur Riders,45/1,Shahid Afridi,Rangpur Riders,field first,Riders,"Shere Bangla National Stadium, Mirpur",Mirpur,Nov 10 2016,9,0,9 wickets,Mahfuzur Rahman,Ranmore Martinesz
2016/17,7th,Dhaka Dynamites,138/5,Rajshahi Kings,139/4,Samit Patel,Rajshahi Kings,field first,Kings,"Shere Bangla National Stadium, Mirpur",Mirpur,Nov 11 2016,6,0,6 wickets,Khalid Mahmood,Masudur Rahman
2016/17,8th,Khulna Titans,127/7,Chittagong Vikings,123/9,Mahmudullah,Chittagong Vikings,field first,Titans,"Shere Bangla National Stadium, Mirpur",Mirpur,Nov 12 2016,0,4,4 runs,Mahfuzur Rahman,Ranmore Martinesz
2016/17,9th,Dhaka Dynamites,170/6,Rangpur Riders,92,Mosaddek Hossain,Rangpur Riders,field first,Dynamites,"Shere Bangla National Stadium, Mirpur",Mirpur,Nov 12 2016,0,78,78 runs,Khalid Mahmood,Nadir Shah
2016/17,6th,Comilla Victorians,129/8,Barisal Bulls,130/4,Thisara Perera,Comilla Victorians,bat first,Bulls,"Shere Bangla National Stadium, Mirpur",Mirpur,Nov 11 2016,6,0,6 wickets,Nadir Shah,Ranmore Martinesz
2012/13,3rd,Duronto Rajshahi,99/9,Chittagong Kings,97,Sean Ervine,Duronto Rajshahi,bat first,Rajshahi,"Shere Bangla National Stadium, Mirpur",Mirpur,Jan 19 2013,0,2,2 runs,Jeremy Lloyds,Mahfuzur Rahman
2012/13,4th,Dhaka Gladiators,202/5,Rangpur Riders,167/4,Mohammad Ashraful,Dhaka Gladiators,bat first,Dhaka,"Shere Bangla National Stadium, Mirpur",Mirpur,Jan 19 2013,0,35,35 runs,Amit Kumar,Mehedi Maruf
2012/13,1st,Dhaka Gladiators,204/4,Khulna Royal Bengals,142/8,Owais Shah,Dhaka Gladiators,bat first,Dhaka,"Shere Bangla National Stadium, Mirpur",Mirpur,Jan 18 2013,0,62,62 runs,Masudur Rahman,Richard Illingworth
2012/13,8th,Dhaka Gladiators,156/8,Duronto Rajshahi,143/3,Shakib Al Hasan,Dhaka Gladiators,bat first,Dhaka,"Sheikh Abu Naser Stadium, Khulna",Khulna,Jan 22 2013,0,13,13 runs,Gazi Sohel,Masudur Rahman
2012/13,6th,Duronto Rajshahi,147/8,Sylhet Royals,150/6,Elton Chigumbura,Duronto Rajshahi,bat first,Royals,"Shere Bangla National Stadium, Mirpur",Mirpur,Jan 20 2013,4,0,4 wickets,Jeremy Lloyds,Tanvir Ahmed
2012/13,5th,Khulna Royal Bengals,142/8,Barisal Burners,146/2,Brad Hodge,Khulna Royal Bengals,bat first,Barisal,"Shere Bangla National Stadium, Mirpur",Mirpur,Jan 20 2013,8,0,8 wickets,Anisur Rahman,Richard Illingworth
2012/13,10th,Khulna Royal Bengals,145/7,Sylhet Royals,146/4,Hamilton Masakadza,Khulna Royal Bengals,bat first,Royals,"Sheikh Abu Naser Stadium, Khulna",Khulna,Jan 23 2013,6,0,6 wickets,Anisur Rahman,Mahfuzur Rahman
2012/13,7th,Chittagong Kings,132/5,Rangpur Riders,135/4,Nasir Hossain,Chittagong Kings,bat first,Riders,"Sheikh Abu Naser Stadium, Khulna",Khulna,Jan 22 2013,6,0,6 wickets,Anisur Rahman,Richard Illingworth
2012/13,11th,Chittagong Kings,129/7,Barisal Burners,108/9,Ravi Bopara,Barisal Burners,field first,Chittagong,"Sheikh Abu Naser Stadium, Khulna",Khulna,Jan 24 2013,0,21,21 runs,Gazi Sohel,Richard Illingworth
2012/13,9th,Rangpur Riders,174/4,Barisal Burners,167/8,Shamsur Rahman,Rangpur Riders,bat first,Riders,"Sheikh Abu Naser Stadium, Khulna",Khulna,Jan 23 2013,0,7,7 runs,Mahfuzur Rahman,Richard Illingworth
2012/13,2nd,Sylhet Royals,175/7,Barisal Burners,142/9,Paul Stirling,Barisal Burners,field first,Royals,"Shere Bangla National Stadium, Mirpur",Mirpur,Jan 18 2013,0,33,33 runs,Bishawnath Halder,Jubair Ahmed
2012/13,13th,Dhaka Gladiators,152/8,Sylhet Royals,157/3,Mushfiqur Rahim,Dhaka Gladiators,bat first,Royals,"Sheikh Abu Naser Stadium, Khulna",Khulna,Jan 25 2013,7,0,7 wickets,Mahfuzur Rahman,Richard Illingworth
2012/13,12th,Khulna Royal Bengals,197/0,Duronto Rajshahi,129,Shahriar Nafees,Duronto Rajshahi,field first,Khulna,"Sheikh Abu Naser Stadium, Khulna",Khulna,Jan 24 2013,0,68,68 runs,Anisur Rahman,Tanvir Ahmed
2012/13,14th,Khulna Royal Bengals,150/7,Rangpur Riders,141/7,Daniel Harris,Khulna Royal Bengals,bat first,Khulna,"Sheikh Abu Naser Stadium, Khulna",Khulna,Jan 25 2013,0,9,9 runs,Mahfuzur Rahman,Masudur Rahman
2012/13,16th,Duronto Rajshahi,213/6,Barisal Burners,209/7,Charles Coventry,Duronto Rajshahi,bat first,Rajshahi,"MA Aziz Stadium, Chittagong",Chittagong,Jan 28 2013,0,4,4 runs,Anisur Rahman,Gazi Sohel
2012/13,19th,Rangpur Riders,122,Sylhet Royals,126/5,Nazmul Hossain Milon,Sylhet Royals,field first,Royals,"MA Aziz Stadium, Chittagong",Chittagong,Jan 31 2013,5,0,5 wickets,Jeremy Lloyds,Tanvir Ahmed
2012/13,15th,Chittagong Kings,172/6,Sylhet Royals,176/7,Mohammad Nabi,Sylhet Royals,field first,Royals,"MA Aziz Stadium, Chittagong",Chittagong,Jan 28 2013,3,0,3 wickets,Jeremy Lloyds,Tanvir Ahmed
2012/13,17th,Dhaka Gladiators,158/5,Sylhet Royals,127/8,Darren Stevens,Sylhet Royals,field first,Dhaka,"MA Aziz Stadium, Chittagong",Chittagong,Jan 29 2013,0,31,31 runs,Jeremy Lloyds,Masudur Rahman
2012/13,20th,Barisal Burners,182/5,Chittagong Kings,176/6,Azhar Mahmood,Barisal Burners,bat first,Barisal,"MA Aziz Stadium, Chittagong",Chittagong,Jan 31 2013,0,6,6 runs,Anisur Rahman,Tanvir Ahmed
2012/13,21st,Dhaka Gladiators,137/5,Duronto Rajshahi,124/9,Alfonso Thomas,Dhaka Gladiators,bat first,Dhaka,"MA Aziz Stadium, Chittagong",Chittagong, Feb 1 2013,0,13,13 runs,Gazi Sohel,Jeremy Lloyds
2012/13,18th,Rangpur Riders,122,Khulna Royal Bengals,89,Fidel Edwards,Rangpur Riders,bat first,Riders,"MA Aziz Stadium, Chittagong",Chittagong,Jan 29 2013,0,33,33 runs,Anisur Rahman,Mahfuzur Rahman
2012/13,23rd,Barisal Burners,152/6,Duronto Rajshahi,153/6,Jahurul Islam,Barisal Burners,bat first,Rajshahi,"MA Aziz Stadium, Chittagong",Chittagong, Feb 2 2013,4,0,4 wickets,Gazi Sohel,Jeremy Lloyds
2012/13,22nd,Khulna Royal Bengals,136/5,Chittagong Kings,137/2,Brendan Taylor,Chittagong Kings,field first,Chittagong,"MA Aziz Stadium, Chittagong",Chittagong, Feb 1 2013,8,0,8 wickets,Mahfuzur Rahman,Masudur Rahman
2012/13,25th,Rangpur Riders,163/3,Duronto Rajshahi,168/3,Tamim Iqbal,Rangpur Riders,bat first,Rajshahi,"Shere Bangla National Stadium, Mirpur",Mirpur, Feb 4 2013,7,0,7 wickets,Enamul Haque,Richard Illingworth
2012/13,26th,Khulna Royal Bengals,145/7,Barisal Burners,148/3,Azhar Mahmood,Barisal Burners,field first,Barisal,"Shere Bangla National Stadium, Mirpur",Mirpur, Feb 4 2013,7,0,7 wickets,Gazi Sohel,Jeremy Lloyds
2012/13,24th,Chittagong Kings,142,Dhaka Gladiators,88/8,Naeem Islam,Dhaka Gladiators,field first,Chittagong,"MA Aziz Stadium, Chittagong",Chittagong, Feb 2 2013,0,54,54 runs,Mahfuzur Rahman,Masudur Rahman
2012/13,27th,Sylhet Royals,147/8,Duronto Rajshahi,152/5,Jahurul Islam,Duronto Rajshahi,field first,Rajshahi,"Shere Bangla National Stadium, Mirpur",Mirpur, Feb 5 2013,5,0,5 wickets,Enamul Haque,Masudur Rahman
2012/13,29th,Chittagong Kings,156/5,Khulna Royal Bengals,67,Ryan ten Doeschate,Khulna Royal Bengals,field first,Chittagong,"Shere Bangla National Stadium, Mirpur",Mirpur, Feb 7 2013,0,89,89 runs,Jeremy Lloyds,Masudur Rahman
2012/13,28th,Dhaka Gladiators,217/4,Rangpur Riders,129,Anamul Haque,Rangpur Riders,field first,Dhaka,"Shere Bangla National Stadium, Mirpur",Mirpur, Feb 5 2013,0,88,88 runs,Enamul Haque,Tanvir Ahmed
2012/13,32nd,Chittagong Kings,193/4,Sylhet Royals,74,Brendan Taylor,Sylhet Royals,field first,Chittagong,"Shere Bangla National Stadium, Mirpur",Mirpur, Feb 8 2013,0,119,119 runs,Gazi Sohel,Richard Illingworth
2012/13,30th,Rangpur Riders,197/4,Sylhet Royals,198/4,Shamsur Rahman,Sylhet Royals,field first,Royals,"Shere Bangla National Stadium, Mirpur",Mirpur, Feb 7 2013,6,0,6 wickets,Enamul Haque,Richard Illingworth
2012/13,34th,Barisal Burners,114/9,Dhaka Gladiators,115/2,Shakib Al Hasan,Barisal Burners,bat first,Dhaka,"Shere Bangla National Stadium, Mirpur",Mirpur, Feb 9 2013,8,0,8 wickets,Jeremy Lloyds,Masudur Rahman
2012/13,31st,Duronto Rajshahi,138/9,Khulna Royal Bengals,140/3,Shahriar Nafees,Duronto Rajshahi,bat first,Khulna,"Shere Bangla National Stadium, Mirpur",Mirpur, Feb 8 2013,7,0,7 wickets,Enamul Haque,Jeremy Lloyds
2012/13,33rd,Chittagong Kings,160/6,Rangpur Riders,161/5,Danza Hyatt,Rangpur Riders,field first,Riders,"Shere Bangla National Stadium, Mirpur",Mirpur, Feb 9 2013,5,0,5 wickets,Enamul Haque,Richard Illingworth
2012/13,35th,Khulna Royal Bengals,176/6,Dhaka Gladiators,180/4,Mohammad Ashraful,Khulna Royal Bengals,bat first,Dhaka,"Shere Bangla National Stadium, Mirpur",Mirpur,Feb 11 2013,6,0,6 wickets,Gazi Sohel,Jeremy Lloyds
2012/13,36th,Rangpur Riders,179/8,Duronto Rajshahi,160,Kevin O'Brien,Duronto Rajshahi,field first,Riders,"Shere Bangla National Stadium, Mirpur",Mirpur,Feb 11 2013,0,19,19 runs,Enamul Haque,Jeremy Lloyds
2012/13,38th,Dhaka Gladiators,114,Barisal Burners,117/3,Brad Hodge,Dhaka Gladiators,bat first,Barisal,"Shere Bangla National Stadium, Mirpur",Mirpur,Feb 12 2013,7,0,7 wickets,Enamul Haque,Richard Illingworth
2012/13,39th,Chittagong Kings,193/3,Duronto Rajshahi,160/6,Jason Roy,Duronto Rajshahi,field first,Chittagong,"Shere Bangla National Stadium, Mirpur",Mirpur,Feb 13 2013,0,33,33 runs,Gazi Sohel,Richard Illingworth
2012/13,37th,Sylhet Royals,196/3,Khulna Royal Bengals,135/7,Paul Stirling,Khulna Royal Bengals,field first,Royals,"Shere Bangla National Stadium, Mirpur",Mirpur,Feb 12 2013,0,61,61 runs,Jeremy Lloyds,Tanvir Ahmed
2012/13,41st,Barisal Burners,139/7,Rangpur Riders,113,Hamid Hassan,Barisal Burners,bat first,Barisal,"Shere Bangla National Stadium, Mirpur",Mirpur,Feb 14 2013,0,26,26 runs,Enamul Haque,Jeremy Lloyds
2012/13,40th,Barisal Burners,144/9,Sylhet Royals,145/9,Paul Stirling,Sylhet Royals,field first,Royals,"Shere Bangla National Stadium, Mirpur",Mirpur,Feb 13 2013,0,0,1 wicket,Enamul Haque,Jeremy Lloyds
2012/13,42nd,Dhaka Gladiators,168/6,Chittagong Kings,139/9,Shakib Al Hasan,Chittagong Kings,field first,Dhaka,"Shere Bangla National Stadium, Mirpur",Mirpur,Feb 14 2013,0,29,29 runs,Anisur Rahman,Jeremy Lloyds
2012/13,Elimination,Duronto Rajshahi,107/7,Chittagong Kings,108/6,Taskin Ahmed,Duronto Rajshahi,bat first,Chittagong,"Shere Bangla National Stadium, Mirpur",Mirpur,Feb 16 2013,4,0,4 wickets,Anisur Rahman,Richard Illingworth
2012/13,Race,Dhaka Gladiators,197/9,Sylhet Royals,193/6,Chris Gayle,Sylhet Royals,field first,Dhaka,"Shere Bangla National Stadium, Mirpur",Mirpur,Feb 15 2013,0,4,4 runs,Enamul Haque,Jeremy Lloyds
2012/13,Semi-Final,Sylhet Royals,149/7,Chittagong Kings,150/7,Ryan ten Doeschate,Chittagong Kings,field first,Chittagong,"Shere Bangla National Stadium, Mirpur",Mirpur,Feb 18 2013,3,0,3 wickets,Enamul Haque,Jeremy Lloyds
2016/17,1st,Chittagong Vikings,161/3,Comilla Victorians,132/8,Mohammad Nabi,Comilla Victorians,field first,Vikings,"Shere Bangla National Stadium, Mirpur",Mirpur, Nov 8 2016,0,29,29 runs,Nahidul Islam,Najmul Hossain Shanto
2012/13,Final,Dhaka Gladiators,172/9,Chittagong Kings,129,Mosharraf Hossain,Chittagong Kings,field first,Dhaka,"Shere Bangla National Stadium, Mirpur",Mirpur,Feb 19 2013,0,43,43 runs,Enamul Haque,Richard Illingworth
2016/17,2nd,Barisal Bulls,148/6,Dhaka Dynamites,149/2,Mehedi Maruf,Dhaka Dynamites,field first,Dynamites,"Shere Bangla National Stadium, Mirpur",Mirpur, Nov 8 2016,8,0,8 wickets,Khalid Mahmood,Nadir Shah
2016/17,4th,Chittagong Vikings,124,Rangpur Riders,125/1,Mohammad Shahzad,Rangpur Riders,field first,Riders,"Shere Bangla National Stadium, Mirpur",Mirpur, Nov 9 2016,9,0,9 wickets,Khalid Mahmood,Nadir Shah
2016/17,3rd,Khulna Titans,133/8,Rajshahi Kings,130,Mahmudullah,Khulna Titans,bat first,Titans,"Shere Bangla National Stadium, Mirpur",Mirpur, Nov 9 2016,0,3,3 runs,Abdul Mazid,Mehidy Hasan Miraz
2016/17,10th,Barisal Bulls,192/4,Rajshahi Kings,188/6,Sabbir Rahman,Rajshahi Kings,field first,Bulls,"Shere Bangla National Stadium, Mirpur",Mirpur,Nov 13 2016,0,4,4 runs,Anisur Rahman,Khalid Mahmood
2016/17,12th,Chittagong Vikings,163/3,Barisal Bulls,167/3,Dawid Malan,Barisal Bulls,field first,Bulls,"Shere Bangla National Stadium, Mirpur",Mirpur,Nov 14 2016,7,0,7 wickets,Khalid Mahmood,Tanvir Ahmed
2016/17,11th,Khulna Titans,144/9,Comilla Victorians,131/9,Shafiul Islam,Comilla Victorians,field first,Titans,"Shere Bangla National Stadium, Mirpur",Mirpur,Nov 13 2016,0,13,13 runs,Ranmore Martinesz,Sharfuddoula
2016/17,14th,Dhaka Dynamites,148/9,Chittagong Vikings,129/8,Mohammad Shahid,Chittagong Vikings,field first,Dynamites,"Zahur Ahmed Chowdhury Stadium, Chittagong",Chittagong,Nov 17 2016,0,19,19 runs,Nadir Shah,Ranmore Martinesz
2016/17,15th,Rangpur Riders,175/6,Barisal Bulls,163,Mohammad Mithun,Barisal Bulls,field first,Riders,"Zahur Ahmed Chowdhury Stadium, Chittagong",Chittagong,Nov 17 2016,0,12,12 runs,Khalid Mahmood,Masudur Rahman
2016/17,13th,Dhaka Dynamites,194/5,Comilla Victorians,161/9,Mehedi Maruf,Comilla Victorians,field first,Dynamites,"Shere Bangla National Stadium, Mirpur",Mirpur,Nov 14 2016,0,33,33 runs,Nadir Shah,Ranmore Martinesz
2016/17,18th,Khulna Titans,157/5,Dhaka Dynamites,148,Mosharraf Hossain,Khulna Titans,bat first,Titans,"Zahur Ahmed Chowdhury Stadium, Chittagong",Chittagong,Nov 19 2016,0,9,9 runs,Khalid Mahmood,Masudur Rahman
2016/17,17th,Comilla Victorians,122/5,Rangpur Riders,126/1,Mohammad Shahzad,Rangpur Riders,field first,Riders,"Zahur Ahmed Chowdhury Stadium, Chittagong",Chittagong,Nov 18 2016,9,0,9 wickets,Ranmore Martinesz,Tanvir Ahmed
2016/17,16th,Chittagong Vikings,190/5,Rajshahi Kings,171/9,Mohammad Nabi,Rajshahi Kings,field first,Vikings,"Zahur Ahmed Chowdhury Stadium, Chittagong",Chittagong,Nov 18 2016,0,19,19 runs,Khalid Mahmood,Nadir Shah
2016/17,24th,Chittagong Vikings,185/5,Barisal Bulls,107,Shoaib Malik,Chittagong Vikings,bat first,Vikings,"Zahur Ahmed Chowdhury Stadium, Chittagong",Chittagong,Nov 22 2016,0,78,78 runs,Gazi Sohel,Ranmore Martinesz
2016/17,20th,Khulna Titans,151/7,Barisal Bulls,129,Mahmudullah,Barisal Bulls,field first,Titans,"Zahur Ahmed Chowdhury Stadium, Chittagong",Chittagong,Nov 20 2016,0,22,22 runs,Gazi Sohel,Ranmore Martinesz
2016/17,23rd,Khulna Titans,125/7,Rangpur Riders,129/3,Shahid Afridi,Khulna Titans,bat first,Riders,"Zahur Ahmed Chowdhury Stadium, Chittagong",Chittagong,Nov 22 2016,7,0,7 wickets,Khalid Mahmood,Morshed Ali Khan
2016/17,21st,Dhaka Dynamites,182/4,Rajshahi Kings,184/7,Samit Patel,Dhaka Dynamites,bat first,Kings,"Zahur Ahmed Chowdhury Stadium, Chittagong",Chittagong,Nov 21 2016,3,0,3 wickets,Nadir Shah,Ranmore Martinesz
2016/17,22nd,Comilla Victorians,183/3,Chittagong Vikings,186/4,Mohammad Nabi,Comilla Victorians,bat first,Vikings,"Zahur Ahmed Chowdhury Stadium, Chittagong",Chittagong,Nov 21 2016,6,0,6 wickets,Habibur Rahman,Shohidul Islam
2016/17,19th,Comilla Victorians,152/5,Rajshahi Kings,120,Sohail Tanvir,Rajshahi Kings,field first,Victorians,"Zahur Ahmed Chowdhury Stadium, Chittagong",Chittagong,Nov 19 2016,0,32,32 runs,Nadir Shah,Ranmore Martinesz
2016/17,25th,Rajshahi Kings,162/5,Rangpur Riders,150/5,Daren Sammy,Rangpur Riders,field first,Kings,"Shere Bangla National Stadium, Mirpur",Mirpur,Nov 25 2016,0,12,12 runs,Ranmore Martinesz,Sharfuddoula
2016/17,27th,Dhaka Dynamites,170/4,Comilla Victorians,138/8,Shakib Al Hasan,Dhaka Dynamites,bat first,Dynamites,"Shere Bangla National Stadium, Mirpur",Mirpur,Nov 26 2016,0,32,32 runs,Khalid Mahmood,Nadir Shah
2016/17,26th,Barisal Bulls,119/5,Khulna Titans,120/4,Shuvagata Hom,Barisal Bulls,bat first,Titans,"Shere Bangla National Stadium, Mirpur",Mirpur,Nov 25 2016,6,0,6 wickets,Anisur Rahman,Khalid Mahmood
2016/17,30th,Rangpur Riders,124/6,Chittagong Vikings,128/1,Tamim Iqbal,Rangpur Riders,bat first,Vikings,"Shere Bangla National Stadium, Mirpur",Mirpur,Nov 27 2016,9,0,9 wickets,Nadir Shah,Ranmore Martinesz
2016/17,31st,Rajshahi Kings,128/7,Rangpur Riders,79,Mehidy Hasan Miraz,Rajshahi Kings,bat first,Kings,"Shere Bangla National Stadium, Mirpur",Mirpur,Nov 28 2016,0,49,49 runs,Gazi Sohel,Rashid Riaz
2016/17,32nd,Barisal Bulls,142/8,Comilla Victorians,145/2,Nabil Samad,Barisal Bulls,bat first,Victorians,"Shere Bangla National Stadium, Mirpur",Mirpur,Nov 29 2016,8,0,8 wickets,Khalid Mahmood,Mahfuzur Rahman
2016/17,28th,Rajshahi Kings,154/8,Khulna Titans,145/6,Daren Sammy,Rajshahi Kings,bat first,Kings,"Shere Bangla National Stadium, Mirpur",Mirpur,Nov 26 2016,0,9,9 runs,Mahfuzur Rahman,Rashid Riaz
2016/17,29th,Barisal Bulls,132/6,Dhaka Dynamites,135/6,Shakib Al Hasan,Barisal Bulls,bat first,Dynamites,"Shere Bangla National Stadium, Mirpur",Mirpur,Nov 27 2016,4,0,4 wickets,Khalid Mahmood,Masudur Rahman
2016/17,36th,Barisal Bulls,161/4,Rajshahi Kings,144/7,Rayad Emrit,Rajshahi Kings,field first,Bulls,"Shere Bangla National Stadium, Mirpur",Mirpur, Dec 1 2016,0,17,17 runs,Mahfuzur Rahman,Ranmore Martinesz
2016/17,34th,Dhaka Dynamites,188/7,Rangpur Riders,146/8,Evin Lewis,Dhaka Dynamites,bat first,Dynamites,"Shere Bangla National Stadium, Mirpur",Mirpur,Nov 30 2016,0,42,42 runs,Khalid Mahmood,Nadir Shah
2016/17,35th,Rajshahi Kings,124/7,Comilla Victorians,125/2,Mohammad Saifuddin,Rajshahi Kings,bat first,Victorians,"Shere Bangla National Stadium, Mirpur",Mirpur,Nov 30 2016,8,0,8 wickets,Masudur Rahman,Rashid Riaz
2016/17,33rd,Khulna Titans,131/8,Chittagong Vikings,135/5,Tamim Iqbal,Khulna Titans,bat first,Vikings,"Shere Bangla National Stadium, Mirpur",Mirpur,Nov 29 2016,5,0,5 wickets,Gazi Sohel,Ranmore Martinesz
2016/17,38th,Chittagong Vikings,134/6,Dhaka Dynamites,135/4,Dwayne Bravo,Dhaka Dynamites,field first,Dynamites,"Shere Bangla National Stadium, Mirpur",Mirpur, Dec 2 2016,6,0,6 wickets,Khalid Mahmud,Masudur Rahman
2016/17,37th,Khulna Titans,141/6,Comilla Victorians,142/5,Marlon Samuels,Comilla Victorians,field first,Victorians,"Shere Bangla National Stadium, Mirpur",Mirpur, Dec 2 2016,5,0,5 wickets,Ranmore Martinesz,Tanvir Ahmed
2016/17,39th,Rangpur Riders,154/5,Barisal Bulls,125,Mohammad Shahzad,Rangpur Riders,bat first,Riders,"Shere Bangla National Stadium, Mirpur",Mirpur, Dec 3 2016,0,29,29 runs,Khalid Mahmud,Mahfuzur Rahman
2016/17,40th,Chittagong Vikings,111/9,Rajshahi Kings,112/4,Afif Hossain,Rajshahi Kings,field first,Kings,"Shere Bangla National Stadium, Mirpur",Mirpur, Dec 3 2016,6,0,6 wickets,Nadir Shah,Ranmore Martinesz
2016/17,Qualifier,Dhaka Dynamites,140/8,Khulna Titans,86,Andre Russell,Khulna Titans,field first,Dynamites,"Shere Bangla National Stadium, Mirpur",Mirpur, Dec 6 2016,0,54,54 runs,Khalid Mahmood,Nadir Shah
2016/17,41st,Comilla Victorians,170/6,Rangpur Riders,162/8,Rashid Khan,Rangpur Riders,field first,Victorians,"Shere Bangla National Stadium, Mirpur",Mirpur, Dec 4 2016,0,8,8 runs,Khalid Mahmood,Nadir Shah
2016/17,42nd,Dhaka Dynamites,158/7,Khulna Titans,159/4,Mahmudullah,Khulna Titans,field first,Titans,"Shere Bangla National Stadium, Mirpur",Mirpur, Dec 4 2016,6,0,6 wickets,Morshed Ali Khan,Ranmore Martinesz
2016/17,"Eliminator,",Chittagong Vikings,142/8,Rajshahi Kings,143/7,Daren Sammy,Rajshahi Kings,field first,Kings,"Shere Bangla National Stadium, Mirpur",Mirpur, Dec 6 2016,3,0,3 wickets,Masudur Rahman,Ranmore Martinesz
2018/19,1st,Rangpur Riders,98,Chittagong Vikings,101/7,Robbie Frylinck,Chittagong Vikings,field first,Vikings,"Shere Bangla National Stadium, Mirpur",Mirpur, Jan 5 2019,3,0,3 wickets,Alex Wharf,Sharfuddoula
2018/19,3rd,Sylhet Sixers,127/8,Comilla Victorians,130/6,Shahid Afridi,Comilla Victorians,field first,Victorians,"Shere Bangla National Stadium, Mirpur",Mirpur, Jan 6 2019,4,0,4 wickets,Masudur Rahman,Ranmore Martinesz
2018/19,2nd,Dhaka Dynamites,189/5,Rajshahi Kings,106,Hazratullah Zazai,Rajshahi Kings,field first,Dynamites,"Shere Bangla National Stadium, Mirpur",Mirpur, Jan 5 2019,0,83,83 runs,Masudur Rahman,Ranmore Martinesz
2016/17,Qualifier,Khulna Titans,125/9,Rajshahi Kings,129/3,Samit Patel,Khulna Titans,bat first,Kings,"Shere Bangla National Stadium, Mirpur",Mirpur, Dec 7 2016,7,0,7 wickets,Masudur Rahman,Ranmore Martinesz
2018/19,4th,Rangpur Riders,169/3,Khulna Titans,161/5,Rilee Rossouw,Khulna Titans,field first,Riders,"Shere Bangla National Stadium, Mirpur",Mirpur, Jan 6 2019,0,8,8 runs,Alex Wharf,Sharfuddoula
2018/19,5th,Dhaka Dynamites,192/6,Khulna Titans,87,Hazratullah Zazai,Khulna Titans,field first,Dynamites,"Shere Bangla National Stadium, Mirpur",Mirpur, Jan 8 2019,0,105,105 runs,Alex Wharf,Nadir Shah
2018/19,6th,Comilla Victorians,63,Rangpur Riders,67/1,Mashrafe Mortaza,Rangpur Riders,field first,Riders,"Shere Bangla National Stadium, Mirpur",Mirpur, Jan 8 2019,9,0,9 wickets,Mahfuzur Rahman,Ranmore Martinesz
2018/19,7th,Sylhet Sixers,168/5,Chittagong Vikings,163/7,Nicholas Pooran,Sylhet Sixers,bat first,Sixers,"Shere Bangla National Stadium, Mirpur",Mirpur, Jan 9 2019,0,5,5 runs,Mahfuzur Rahman,Ranmore Martinesz
2018/19,8th,Khulna Titans,117/9,Rajshahi Kings,118/3,Isuru Udana,Khulna Titans,bat first,Kings,"Shere Bangla National Stadium, Mirpur",Mirpur, Jan 9 2019,7,0,7 wickets,Alex Wharf,Nadir Shah
2018/19,10th,Rajshahi Kings,124,Comilla Victorians,130/5,Shahid Afridi,Comilla Victorians,field first,Victorians,"Shere Bangla National Stadium, Mirpur",Mirpur,Jan 11 2019,5,0,5 wickets,Alex Wharf,Morshed Ali Khan
2018/19,9th,Dhaka Dynamites,183/9,Rangpur Riders,181/9,Al Islam,Rangpur Riders,field first,Dynamites,"Shere Bangla National Stadium, Mirpur",Mirpur,Jan 11 2019,0,2,2 runs,Masudur Rahman,Ranmore Martinesz
2018/19,12th,Dhaka Dynamites,173/7,Sylhet Sixers,141/9,Rony Talukdar,Dhaka Dynamites,bat first,Dynamites,"Shere Bangla National Stadium, Mirpur",Mirpur,Jan 12 2019,0,32,32 runs,Alex Wharf,Mahfuzur Rahman
2018/19,14th,Comilla Victorians,184/5,Chittagong Vikings,186/6,Mushfiqur Rahim,Chittagong Vikings,field first,Vikings,"Shere Bangla National Stadium, Mirpur",Mirpur,Jan 13 2019,4,0,4 wickets,Alex Wharf,Nadir Shah
2018/19,11th,Khulna Titans,151/6,Chittagong Vikings,151/8,Robbie Frylinck,Chittagong Vikings,field first,Match,"Shere Bangla National Stadium, Mirpur",Mirpur,Jan 12 2019,0,0,won the,Morshed Ali Khan,Ranmore Martinesz
2018/19,13th,Rajshahi Kings,135/8,Rangpur Riders,130/6,Zakir Hasan,Rangpur Riders,field first,Kings,"Shere Bangla National Stadium, Mirpur",Mirpur,Jan 13 2019,0,5,5 runs,Ranmore Martinesz,Sharfuddoula
2018/19,17th,Rajshahi Kings,136/6,Dhaka Dynamites,116/9,Arafat Sunny,Rajshahi Kings,bat first,Kings,Sylhet International Cricket Stadium,Stadium,Jan 16 2019,0,20,20 runs,Alex Wharf,Mahfuzur Rahman
2018/19,15th,Khulna Titans,128/9,Rajshahi Kings,103,Taijul Islam,Khulna Titans,bat first,Titans,Sylhet International Cricket Stadium,Stadium,Jan 15 2019,0,25,25 runs,Alex Wharf,Tanvir Ahmed
2018/19,16th,Sylhet Sixers,68,Comilla Victorians,69/2,Mahedi Hasan,Comilla Victorians,field first,Victorians,Sylhet International Cricket Stadium,Stadium,Jan 15 2019,8,0,8 wickets,Masudur Rahman,Ranmore Martinesz
2018/19,18th,Sylhet Sixers,187/5,Rangpur Riders,160/6,Litton Das,Rangpur Riders,field first,Sixers,Sylhet International Cricket Stadium,Stadium,Jan 16 2019,0,27,27 runs,Masudur Rahman,Ranmore Martinesz
2018/19,19th,Sylhet Sixers,158/8,Dhaka Dynamites,163/4,Shakib Al Hasan,Sylhet Sixers,bat first,Dynamites,Sylhet International Cricket Stadium,Stadium,Jan 18 2019,6,0,6 wickets,Masudur Rahman,Ranmore Martinesz
2018/19,20th,Khulna Titans,181/7,Comilla Victorians,186/7,Tamim Iqbal,Comilla Victorians,field first,Victorians,Sylhet International Cricket Stadium,Stadium,Jan 18 2019,3,0,3 wickets,Alex Wharf,Gazi Sohel
2018/19,21st,Sylhet Sixers,194/4,Rangpur Riders,195/6,Rilee Rossouw,Rangpur Riders,field first,Riders,Sylhet International Cricket Stadium,Stadium,Jan 19 2019,4,0,4 wickets,Alex Wharf,Gazi Sohel
2018/19,22nd,Chittagong Vikings,214/4,Khulna Titans,188/8,Mushfiqur Rahim,Khulna Titans,field first,Vikings,Sylhet International Cricket Stadium,Stadium,Jan 19 2019,0,26,26 runs,Ranmore Martinesz,Tanvir Ahmed
2018/19,25th,Khulna Titans,181/6,Rangpur Riders,183/4,Farhad Reza,Rangpur Riders,field first,Riders,"Shere Bangla National Stadium, Mirpur",Mirpur,Jan 22 2019,6,0,6 wickets,Sharfuddoula,Shozab Raza
2018/19,24th,Dhaka Dynamites,139/9,Chittagong Vikings,145/7,Robbie Frylinck,Dhaka Dynamites,bat first,Vikings,"Shere Bangla National Stadium, Mirpur",Mirpur,Jan 21 2019,3,0,3 wickets,Nadir Shah,Ranmore Martinesz
2018/19,23rd,Rajshahi Kings,176/3,Comilla Victorians,138,Laurie Evans,Comilla Victorians,field first,Kings,"Shere Bangla National Stadium, Mirpur",Mirpur,Jan 21 2019,0,38,38 runs,Sharfuddoula,Shozab Raza
2018/19,26th,Comilla Victorians,153/8,Dhaka Dynamites,146/9,Thisara Perera,Dhaka Dynamites,field first,Victorians,"Shere Bangla National Stadium, Mirpur",Mirpur,Jan 22 2019,0,7,7 runs,Mahfuzur Rahman,Ranmore Martinesz
2018/19,27th,Rajshahi Kings,157/5,Chittagong Vikings,159/4,Mushfiqur Rahim,Chittagong Vikings,field first,Vikings,"Shere Bangla National Stadium, Mirpur",Mirpur,Jan 23 2019,6,0,6 wickets,Nadir Shah,Ranmore Martinesz
2018/19,29th,Sylhet Sixers,180/6,Rajshahi Kings,104,Sohail Tanvir,Rajshahi Kings,field first,Sixers,"Zahur Ahmed Chowdhury Stadium, Chattogram",Chattogram,Jan 25 2019,0,76,76 runs,Morshed Ali Khan,Shozab Raza
2018/19,28th,Khulna Titans,170/9,Sylhet Sixers,149/7,David Wiese,Sylhet Sixers,field first,Titans,"Shere Bangla National Stadium, Mirpur",Mirpur,Jan 23 2019,0,21,21 runs,Alex Wharf,Morshed Ali Khan
2018/19,32nd,Rajshahi Kings,198/5,Chittagong Vikings,191/8,Mustafizur Rahman,Chittagong Vikings,field first,Kings,"Zahur Ahmed Chowdhury Stadium, Chattogram",Chattogram,Jan 26 2019,0,7,7 runs,Sharfuddoula,Shozab Raza
2018/19,33rd,Comilla Victorians,237/5,Khulna Titans,157,Evin Lewis,Khulna Titans,field first,Victorians,"Zahur Ahmed Chowdhury Stadium, Chattogram",Chattogram,Jan 28 2019,0,80,80 runs,Shozab Raza,Tanvir Ahmed
2018/19,34th,Dhaka Dynamites,186/6,Rangpur Riders,189/2,AB de Villiers,Dhaka Dynamites,bat first,Riders,"Zahur Ahmed Chowdhury Stadium, Chattogram",Chattogram,Jan 28 2019,8,0,8 wickets,Masudur Rahman,Ranmore Martinesz
2018/19,31st,Sylhet Sixers,195/4,Khulna Titans,137,Mohammad Nawaz,Sylhet Sixers,bat first,Sixers,"Zahur Ahmed Chowdhury Stadium, Chattogram",Chattogram,Jan 26 2019,0,58,58 runs,Alex Wharf,Gazi Sohel
2018/19,30th,Rangpur Riders,239/4,Chittagong Vikings,167/8,Alex Hales,Chittagong Vikings,field first,Riders,"Zahur Ahmed Chowdhury Stadium, Chattogram",Chattogram,Jan 25 2019,0,72,72 runs,Alex Wharf,Sharfuddoula
2018/19,36th,Rajshahi Kings,141/8,Rangpur Riders,145/4,Farhad Reza,Rajshahi Kings,bat first,Riders,"Zahur Ahmed Chowdhury Stadium, Chattogram",Chattogram,Jan 29 2019,6,0,6 wickets,Alex Wharf,Masudur Rahman
2018/19,41st,Comilla Victorians,72,Rangpur Riders,76/1,Ravi Bopara,Comilla Victorians,bat first,Riders,"Shere Bangla National Stadium, Mirpur",Mirpur, Feb 2 2019,9,0,9 wickets,Minhajul Abedin Afridi,Sanjit Saha
2018/19,40th,Sylhet Sixers,165/5,Chittagong Vikings,136,Ebadot Hossain,Chittagong Vikings,field first,Sixers,"Shere Bangla National Stadium, Mirpur",Mirpur, Feb 1 2019,0,29,29 runs,Nadir Shah,Shozab Raza
2018/19,42nd,Khulna Titans,123/9,Dhaka Dynamites,124/4,Upul Tharanga,Khulna Titans,bat first,Dynamites,"Shere Bangla National Stadium, Mirpur",Mirpur, Feb 2 2019,6,0,6 wickets,Nadir Shah,Ranmore Martinesz
2018/19,38th,Sylhet Sixers,189/5,Rajshahi Kings,190/5,Laurie Evans,Sylhet Sixers,bat first,Kings,"Zahur Ahmed Chowdhury Stadium, Chattogram",Chattogram,Jan 30 2019,5,0,5 wickets,Ranmore Martinesz,Tanvir Ahmed
2018/19,35th,Chittagong Vikings,116/8,Comilla Victorians,117/3,Shahid Afridi,Chittagong Vikings,bat first,Victorians,"Zahur Ahmed Chowdhury Stadium, Chattogram",Chattogram,Jan 29 2019,7,0,7 wickets,Mahfuzur Rahman,Ranmore Martinesz
2018/19,37th,Chittagong Vikings,174/5,Dhaka Dynamites,163/9,Cameron Delport,Chittagong Vikings,bat first,Vikings,"Zahur Ahmed Chowdhury Stadium, Chattogram",Chattogram,Jan 30 2019,0,11,11 runs,Mahfuzur Rahman,Shozab Raza
2018/19,39th,Comilla Victorians,127,Dhaka Dynamites,126/9,Mohammad Saifuddin,Dhaka Dynamites,field first,Victorians,"Shere Bangla National Stadium, Mirpur",Mirpur, Feb 1 2019,0,0,1 run,Alex Wharf,Masudur Rahman
2018/19,"Eliminator,",Chittagong Vikings,135/8,Dhaka Dynamites,136/4,Sunil Narine,Chittagong Vikings,bat first,Dynamites,"Shere Bangla National Stadium, Mirpur",Mirpur, Feb 4 2019,6,0,6 wickets,Mahfuzur Rahman,Ranmore Martinesz
2017/18,4th,Dhaka Dynamites,202/7,Khulna Titans,137,Cameron Delport,Khulna Titans,field first,Dynamites,Sylhet International Cricket Stadium,Stadium, Nov 5 2017,0,65,65 runs,Akteruzzaman,Riazuddin
2017/18,1st,Dhaka Dynamites,136/7,Sylhet Sixers,137/1,Upul Tharanga,Sylhet Sixers,field first,Sixers,Sylhet International Cricket Stadium,Stadium, Nov 4 2017,9,0,9 wickets,Masudur Rahman,Riazuddin
2018/19,1st,Rangpur Riders,165/5,Comilla Victorians,166/2,Evin Lewis,Rangpur Riders,bat first,Victorians,"Shere Bangla National Stadium, Mirpur",Mirpur, Feb 4 2019,8,0,8 wickets,Alex Wharf,Sharfuddoula
2018/19,2nd,Rangpur Riders,142,Dhaka Dynamites,147/5,Rubel Hossain,Dhaka Dynamites,field first,Dynamites,"Shere Bangla National Stadium, Mirpur",Mirpur, Feb 6 2019,5,0,5 wickets,Alex Wharf,Masudur Rahman
2017/18,3rd,Comilla Victorians,145/6,Sylhet Sixers,148/6,Upul Tharanga,Sylhet Sixers,field first,Sixers,Sylhet International Cricket Stadium,Stadium, Nov 5 2017,4,0,4 wickets,Mahfuzur Rahman,Masudur Rahman
2019/20,4th,Chattogram Challengers,144/6,Khulna Tigers,146/2,Rilee Rossouw,Khulna Tigers,field first,Tigers,"Shere Bangla National Stadium, Mirpur",Mirpur,Dec 12 2019,8,0,8 wickets,Masudur Rahman,Prageeth Rambukwella
2017/18,2nd,Rajshahi Kings,154/8,Rangpur Riders,155/4,Ravi Bopara,Rangpur Riders,field first,Riders,Sylhet International Cricket Stadium,Stadium, Nov 4 2017,6,0,6 wickets,Mahfuzur Rahman,Tanvir Ahmed
2017/18,5th,Chittagong Vikings,143/7,Comilla Victorians,144/2,Mohammad Saifuddin,Comilla Victorians,field first,Victorians,Sylhet International Cricket Stadium,Stadium, Nov 7 2017,8,0,8 wickets,Masudur Rahman,Sharfuddoula
2019/20,2nd,Cumilla Warriors,173/7,Rangpur Rangers,68,Dasun Shanaka,Cumilla Warriors,bat first,Warriors,"Shere Bangla National Stadium, Mirpur",Mirpur,Dec 11 2019,0,105,105 runs,Masudur Rahman,Tanvir Ahmed
2019/20,1st,Sylhet Thunder,162/4,Chattogram Challengers,163/5,Imrul Kayes,Chattogram Challengers,field first,Challengers,"Shere Bangla National Stadium, Mirpur",Mirpur,Dec 11 2019,5,0,5 wickets,Prageeth Rambukwella,Sharfuddoula
2019/20,5th,Sylhet Thunder,91,Rajshahi Royals,95/2,Alok Kapali,Rajshahi Royals,field first,Royals,"Shere Bangla National Stadium, Mirpur",Mirpur,Dec 13 2019,8,0,8 wickets,Mahfuzur Rahman,Sharfuddoula
2019/20,3rd,Dhaka Platoon,134/9,Rajshahi Royals,136/1,Ravi Bopara,Rajshahi Royals,field first,Royals,"Shere Bangla National Stadium, Mirpur",Mirpur,Dec 12 2019,9,0,9 wickets,Gazi Sohel,Sharfuddoula
2019/20,9th,Rajshahi Royals,189/4,Khulna Tigers,192/5,Mushfiqur Rahim,Khulna Tigers,field first,Tigers,"Zahur Ahmed Chowdhury Stadium, Chattogram",Chattogram,Dec 17 2019,5,0,5 wickets,Prageeth Rambukwella,Sharfuddoula
2019/20,6th,Dhaka Platoon,180/7,Cumilla Warriors,160/9,Thisara Perera,Cumilla Warriors,field first,Platoon,"Shere Bangla National Stadium, Mirpur",Mirpur,Dec 13 2019,0,20,20 runs,Masudur Rahman,Prageeth Rambukwella
2019/20,7th,Rangpur Rangers,157/8,Chattogram Challengers,158/4,Mohammad Naim,Chattogram Challengers,field first,Challengers,"Shere Bangla National Stadium, Mirpur",Mirpur,Dec 14 2019,6,0,6 wickets,Morshed Ali Khan,Sharfuddoula
2019/20,10th,Sylhet Thunder,129/8,Chattogram Challengers,130/6,Mehedi Hasan Rana,Chattogram Challengers,field first,Challengers,"Zahur Ahmed Chowdhury Stadium, Chattogram",Chattogram,Dec 17 2019,4,0,4 wickets,David Millns,Masudur Rahman
2019/20,8th,Dhaka Platoon,182/4,Sylhet Thunder,158/7,Anamul Haque,Sylhet Thunder,field first,Platoon,"Shere Bangla National Stadium, Mirpur",Mirpur,Dec 14 2019,0,24,24 runs,Masudur Rahman,Prageeth Rambukwella
2019/20,12th,Chattogram Challengers,221/4,Dhaka Platoon,205,Mehedi Hasan Rana,Dhaka Platoon,field first,Challengers,"Zahur Ahmed Chowdhury Stadium, Chattogram",Chattogram,Dec 18 2019,0,16,16 runs,Prageeth Rambukwella,Sharfuddoula
2019/20,11th,Rangpur Rangers,181/8,Cumilla Warriors,182/4,Dawid Malan,Rangpur Rangers,bat first,Warriors,"Zahur Ahmed Chowdhury Stadium, Chattogram",Chattogram,Dec 18 2019,6,0,6 wickets,David Millns,Mahfuzur Rahman
2019/20,13th,Rangpur Rangers,137/9,Khulna Tigers,138/2,Shafiul Islam,Khulna Tigers,field first,Tigers,"Zahur Ahmed Chowdhury Stadium, Chattogram",Chattogram,Dec 20 2019,8,0,8 wickets,Prageeth Rambukwella,Tanvir Ahmed
2019/20,14th,Chattogram Challengers,238/4,Cumilla Warriors,222/7,Chadwick Walton,Cumilla Warriors,field first,Challengers,"Zahur Ahmed Chowdhury Stadium, Chattogram",Chattogram,Dec 20 2019,0,16,16 runs,D Milns,Masudur Rahman
2019/20,16th,Chattogram Challengers,163/7,Rangpur Rangers,167/4,Lewis Gregory,Rangpur Rangers,field first,Rangers,"Zahur Ahmed Chowdhury Stadium, Chattogram",Chattogram,Dec 21 2019,6,0,6 wickets,David Millns,Masudur Rahman
2018/19,Final,Comilla Victorians,199/3,Dhaka Dynamites,182/9,Tamim Iqbal,Dhaka Dynamites,field first,Victorians,"Shere Bangla National Stadium, Mirpur",Mirpur, Feb 8 2019,0,17,17 runs,Alex Wharf,Ranmore Martinesz
2016/17,Final,Dhaka Dynamites,159/9,Rajshahi Kings,103,Kumar Sangakkara,Rajshahi Kings,field first,Dynamites,"Shere Bangla National Stadium, Mirpur",Mirpur, Dec 9 2016,0,56,56 runs,Khalid Mahmood,Mahfuzur Rahman
2019/20,15th,Sylhet Thunder,232/5,Khulna Tigers,152,Andre Fletcher,Khulna Tigers,field first,Thunder,"Zahur Ahmed Chowdhury Stadium, Chattogram",Chattogram,Dec 21 2019,0,80,80 runs,Mahfuzur Rahman,Prageeth Rambukwella
2017/18,7th,Chittagong Vikings,166/4,Rangpur Riders,155/8,Taskin Ahmed,Rangpur Riders,field first,Vikings,Sylhet International Cricket Stadium,Stadium, Nov 8 2017,0,11,11 runs,Riazuddin,Sharfuddoula
2017/18,6th,Sylhet Sixers,205/6,Rajshahi Kings,172/8,Danushka Gunathilaka,Rajshahi Kings,field first,Sixers,Sylhet International Cricket Stadium,Stadium, Nov 7 2017,0,33,33 runs,Anisur Rahman,Riazuddin
2017/18,13th,Khulna Titans,156/5,Dhaka Dynamites,157/6,Jahurul Islam,Dhaka Dynamites,field first,Dynamites,"Shere Bangla National Stadium, Mirpur",Mirpur,Nov 14 2017,4,0,4 wickets,Mahfuzur Rahman,Ranmore Martinesz
2017/18,10th,Sylhet Sixers,101/9,Dhaka Dynamites,106/2,Shahid Afridi,Dhaka Dynamites,field first,Dynamites,"Shere Bangla National Stadium, Mirpur",Mirpur,Nov 11 2017,8,0,8 wickets,Nadir Shah,Ranmore Martinesz
2017/18,12th,Rajshahi Kings,115/7,Comilla Victorians,120/1,Rashid Khan,Comilla Victorians,field first,Victorians,"Shere Bangla National Stadium, Mirpur",Mirpur,Nov 12 2017,9,0,9 wickets,Masudur Rahman,Riazuddin
2017/18,11th,Khulna Titans,170/7,Chittagong Vikings,152/7,Abu Jayed,Chittagong Vikings,field first,Titans,"Shere Bangla National Stadium, Mirpur",Mirpur,Nov 12 2017,0,18,18 runs,Mahfuzur Rahman,Ranmore Martinesz
2017/18,9th,Rangpur Riders,134/5,Rajshahi Kings,138/2,Mominul Haque,Rangpur Riders,bat first,Kings,"Shere Bangla National Stadium, Mirpur",Mirpur,Nov 11 2017,8,0,8 wickets,Anisur Rahman,Riazuddin
2017/18,8th,Sylhet Sixers,135/5,Khulna Titans,138/4,Mahmudullah,Khulna Titans,field first,Titans,Sylhet International Cricket Stadium,Stadium, Nov 8 2017,6,0,6 wickets,Anisur Rahman,Masudur Rahman
2017/18,14th,Chittagong Vikings,139/4,Comilla Victorians,140/4,Imrul Kayes,Comilla Victorians,field first,Victorians,"Shere Bangla National Stadium, Mirpur",Mirpur,Nov 14 2017,6,0,6 wickets,Riazuddin,Sharfuddoula
2017/18,17th,Sylhet Sixers,146/6,Rajshahi Kings,150/3,Zakir Hasan,Rajshahi Kings,field first,Kings,"Shere Bangla National Stadium, Mirpur",Mirpur,Nov 17 2017,7,0,7 wickets,Mahfuzur Rahman,Ranmore Martinesz
2017/18,20th,Comilla Victorians,153/6,Rangpur Riders,139/7,Mahedi Hasan,Rangpur Riders,field first,Victorians,"Shere Bangla National Stadium, Mirpur",Mirpur,Nov 18 2017,0,14,14 runs,Mahfuzur Rahman,Ranmore Martinesz
2017/18,18th,Chittagong Vikings,160/5,Khulna Titans,164/5,Rilee Rossouw,Khulna Titans,field first,Titans,"Shere Bangla National Stadium, Mirpur",Mirpur,Nov 17 2017,5,0,5 wickets,Nadir Shah,Riazuddin
2017/18,19th,Dhaka Dynamites,201/7,Rajshahi Kings,133,Evin Lewis,Rajshahi Kings,field first,Dynamites,"Shere Bangla National Stadium, Mirpur",Mirpur,Nov 18 2017,0,68,68 runs,Nadir Shah,Riazuddin
2017/18,21st,Dhaka Dynamites,128,Comilla Victorians,129/6,Hasan Ali,Dhaka Dynamites,bat first,Victorians,"Shere Bangla National Stadium, Mirpur",Mirpur,Nov 20 2017,4,0,4 wickets,Masudur Rahman,Ranmore Martinesz
2017/18,24th,Rangpur Riders,142,Dhaka Dynamites,139,Chris Gayle,Dhaka Dynamites,field first,Riders,"Shere Bangla National Stadium, Mirpur",Mirpur,Nov 21 2017,0,3,3 runs,Anisur Rahman,Riazuddin
2019/20,21st,Dhaka Platoon,124/9,Chattogram Challengers,125/4,Imrul Kayes,Chattogram Challengers,field first,Challengers,"Shere Bangla National Stadium, Mirpur",Mirpur,Dec 27 2019,6,0,6 wickets,David Millns,Sharfuddoula
2017/18,23rd,Rajshahi Kings,166/8,Khulna Titans,168/8,Ariful Haque,Khulna Titans,field first,Titans,"Shere Bangla National Stadium, Mirpur",Mirpur,Nov 21 2017,2,0,2 wickets,Nadir Shah,Sharfuddoula
2017/18,22nd,Rangpur Riders,169/7,Sylhet Sixers,162/4,Chris Gayle,Sylhet Sixers,field first,Riders,"Shere Bangla National Stadium, Mirpur",Mirpur,Nov 20 2017,0,7,7 runs,Anisur Rahman,Riazuddin
2019/20,20th,Cumilla Warriors,170/8,Rajshahi Royals,171/3,Dawid Malan,Rajshahi Royals,field first,Royals,"Zahur Ahmed Chowdhury Stadium, Chattogram",Chattogram,Dec 24 2019,7,0,7 wickets,Dawid Malan,Afif Hossain
2019/20,22nd,Khulna Tigers,182/7,Rangpur Rangers,130/9,Shohidul Islam,Rangpur Rangers,field first,Tigers,"Shere Bangla National Stadium, Mirpur",Mirpur,Dec 27 2019,0,52,52 runs,Mahfuzur Rahman,Prageeth Rambukwella
2019/20,23rd,Rajshahi Royals,190/4,Cumilla Warriors,175/4,Shoaib Malik,Cumilla Warriors,field first,Royals,"Shere Bangla National Stadium, Mirpur",Mirpur,Dec 28 2019,0,15,15 runs,David Millns,Morshed Ali Khan
2019/20,24th,Sylhet Thunder,157/4,Khulna Tigers,158/2,Mehidy Hasan Miraz,Khulna Tigers,field first,Tigers,"Shere Bangla National Stadium, Mirpur",Mirpur,Dec 28 2019,8,0,8 wickets,Mahfuzur Rahman,Prageeth Rambukwella
2019/20,30th,Cumilla Warriors,140/9,Sylhet Thunder,140,Mujeeb Ur Rahman,Sylhet Thunder,field first,Match,Sylhet International Cricket Stadium,Stadium, Jan 2 2020,0,0,won the,Masudur Rahman,Prageeth Rambukwella
2019/20,25th,Sylhet Thunder,133/9,Rangpur Rangers,134/3,Mustafizur Rahman,Rangpur Rangers,field first,Rangers,"Shere Bangla National Stadium, Mirpur",Mirpur,Dec 30 2019,7,0,7 wickets,Moniruzzaman,Prageeth Rambukwella
2019/20,26th,Dhaka Platoon,174/5,Rajshahi Royals,100,Wahab Riaz,Rajshahi Royals,field first,Platoon,"Shere Bangla National Stadium, Mirpur",Mirpur,Dec 30 2019,0,74,74 runs,D Milns,Tanvir Ahmed
2019/20,28th,Rangpur Rangers,182/6,Rajshahi Royals,135/8,Lewis Gregory,Rajshahi Royals,field first,Rangers,"Shere Bangla National Stadium, Mirpur",Mirpur,Dec 31 2019,0,47,47 runs,David Millns,Tanvir Ahmed
2019/20,32nd,Rangpur Rangers,199/5,Sylhet Thunder,161,Shane Watson,Sylhet Thunder,field first,Rangers,Sylhet International Cricket Stadium,Stadium, Jan 3 2020,0,38,38 runs,David Millns,Gazi Sohel
2019/20,31st,Dhaka Platoon,172/4,Khulna Tigers,160/8,Hasan Mahmud,Khulna Tigers,field first,Platoon,Sylhet International Cricket Stadium,Stadium, Jan 3 2020,0,12,12 runs,Prageeth Rambukwella,Tanvir Ahmed
2019/20,27th,Chattogram Challengers,159/6,Cumilla Warriors,161/8,Dawid Malan,Cumilla Warriors,field first,Warriors,"Shere Bangla National Stadium, Mirpur",Mirpur,Dec 31 2019,2,0,2 wickets,Masudur Rahman,Prageeth Rambukwella
2019/20,29th,Rajshahi Royals,179/4,Rangpur Rangers,149/7,Ravi Bopara,Rangpur Rangers,field first,Royals,Sylhet International Cricket Stadium,Stadium, Jan 2 2020,0,30,30 runs,David Millns,Mahfuzur Rahman
2019/20,35th,Sylhet Thunder,141/5,Cumilla Warriors,142/5,Dawid Malan,Cumilla Warriors,field first,Warriors,"Shere Bangla National Stadium, Mirpur",Mirpur, Jan 7 2020,5,0,5 wickets,Gazi Sohel,Prageeth Rambukwella
2019/20,34th,Sylhet Thunder,143/6,Rajshahi Royals,145/4,Afif Hossain,Sylhet Thunder,bat first,Royals,Sylhet International Cricket Stadium,Stadium, Jan 4 2020,6,0,6 wickets,Prageeth Rambukwella,Tanvir Ahmed
2019/20,33rd,Khulna Tigers,121,Chattogram Challengers,124/4,Mehedi Hasan Rana,Chattogram Challengers,field first,Challengers,Sylhet International Cricket Stadium,Stadium, Jan 4 2020,6,0,6 wickets,David Millns,Mahfuzur Rahman
2019/20,36th,Rajshahi Royals,166/8,Chattogram Challengers,170/3,Imrul Kayes,Chattogram Challengers,field first,Challengers,"Shere Bangla National Stadium, Mirpur",Mirpur, Jan 7 2020,7,0,7 wickets,David Millns,Morshed Ali Khan
2019/20,37th,Khulna Tigers,179/2,Cumilla Warriors,145,Robbie Frylinck,Cumilla Warriors,field first,Tigers,"Shere Bangla National Stadium, Mirpur",Mirpur, Jan 8 2020,0,34,34 runs,David Millns,Gazi Sohel
2019/20,40th,Khulna Tigers,218/2,Cumilla Warriors,126/9,Mushfiqur Rahim,Cumilla Warriors,field first,Tigers,"Shere Bangla National Stadium, Mirpur",Mirpur,Jan 10 2020,0,92,92 runs,Gazi Sohel,Prageeth Rambukwella
2019/20,38th,Dhaka Platoon,145/9,Rangpur Rangers,84,Shadab Khan,Rangpur Rangers,field first,Platoon,"Shere Bangla National Stadium, Mirpur",Mirpur, Jan 8 2020,0,61,61 runs,Mahfuzur Rahman,Prageeth Rambukwella
2019/20,39th,Rangpur Rangers,149/9,Dhaka Platoon,138/9,Lewis Gregory,Dhaka Platoon,field first,Rangers,"Shere Bangla National Stadium, Mirpur",Mirpur,Jan 10 2020,0,11,11 runs,David Millns,Tanvir Ahmed
2019/20,42nd,Dhaka Platoon,205/4,Khulna Tigers,207/2,Najmul Hossain Shanto,Khulna Tigers,field first,Tigers,"Shere Bangla National Stadium, Mirpur",Mirpur,Jan 11 2020,8,0,8 wickets,David Millns,Mahfuzur Rahman
2019/20,"Eliminator,",Dhaka Platoon,144/8,Chattogram Challengers,147/3,Rayad Emrit,Chattogram Challengers,field first,Challengers,"Shere Bangla National Stadium, Mirpur",Mirpur,Jan 13 2020,7,0,7 wickets,David Millns,Mahfuzur Rahman
2019/20,41st,Chattogram Challengers,155/5,Rajshahi Royals,156/2,Litton Das,Rajshahi Royals,field first,Royals,"Shere Bangla National Stadium, Mirpur",Mirpur,Jan 11 2020,8,0,8 wickets,Prageeth Rambukwella,Tanvir Ahmed
2019/20,2nd,Chattogram Challengers,164/9,Rajshahi Royals,165/8,Andre Russell,Rajshahi Royals,field first,Royals,"Shere Bangla National Stadium, Mirpur",Mirpur,Jan 15 2020,2,0,2 wickets,David Millns,Mahfuzur Rahman
2019/20,1st,Khulna Tigers,158/3,Rajshahi Royals,131,Mohammad Amir,Rajshahi Royals,field first,Tigers,"Shere Bangla National Stadium, Mirpur",Mirpur,Jan 13 2020,0,27,27 runs,Gazi Sohel,Prageeth Rambukwella
2017/18,25th,Khulna Titans,158/8,Rangpur Riders,149/6,Mahmudullah,Rangpur Riders,field first,Titans,"Zahur Ahmed Chowdhury Stadium, Chittagong",Chittagong,Nov 24 2017,0,9,9 runs,Morshed Ali Khan,Riazuddin
2017/18,29th,Chittagong Vikings,187/5,Dhaka Dynamites,191/3,Evin Lewis,Chittagong Vikings,bat first,Dynamites,"Zahur Ahmed Chowdhury Stadium, Chittagong",Chittagong,Nov 27 2017,7,0,7 wickets,Nadir Shah,Riazuddin
2017/18,26th,Chittagong Vikings,211/5,Sylhet Sixers,171/8,Sikandar Raza,Sylhet Sixers,field first,Vikings,"Zahur Ahmed Chowdhury Stadium, Chittagong",Chittagong,Nov 24 2017,0,40,40 runs,Anisur Rahman,Tanvir Ahmed
2017/18,30th,Khulna Titans,213/5,Rajshahi Kings,145,Nicholas Pooran,Rajshahi Kings,field first,Titans,"Zahur Ahmed Chowdhury Stadium, Chittagong",Chittagong,Nov 27 2017,0,68,68 runs,Gazi Sohel,Mahfuzur Rahman
2017/18,31st,Sylhet Sixers,173/5,Rangpur Riders,177/6,Nazmul Islam,Rangpur Riders,field first,Riders,"Zahur Ahmed Chowdhury Stadium, Chittagong",Chittagong,Nov 28 2017,4,0,4 wickets,Mahfuzur Rahman,Ranmore Martinesz
2017/18,27th,Rajshahi Kings,185/7,Comilla Victorians,155,Daren Sammy,Rajshahi Kings,bat first,Kings,"Zahur Ahmed Chowdhury Stadium, Chittagong",Chittagong,Nov 25 2017,0,30,30 runs,Anisur Rahman,Morshed Ali Khan
2017/18,28th,Chittagong Vikings,176/7,Rangpur Riders,180/7,Mashrafe Mortaza,Rangpur Riders,field first,Riders,"Zahur Ahmed Chowdhury Stadium, Chittagong",Chittagong,Nov 25 2017,3,0,3 wickets,Riazuddin,Tanvir Ahmed
2017/18,32nd,Khulna Titans,111,Comilla Victorians,112/1,Shoaib Malik,Khulna Titans,bat first,Victorians,"Zahur Ahmed Chowdhury Stadium, Chittagong",Chittagong,Nov 28 2017,9,0,9 wickets,Nadir Shah,Riazuddin
2017/18,34th,Comilla Victorians,167/6,Dhaka Dynamites,155/8,Dwayne Bravo,Dhaka Dynamites,field first,Victorians,"Zahur Ahmed Chowdhury Stadium, Chittagong",Chittagong,Nov 29 2017,0,12,12 runs,Nadir Shah,Riazuddin
2017/18,35th,Rangpur Riders,97,Comilla Victorians,100/6,Mahedi Hasan,Comilla Victorians,field first,Victorians,"Shere Bangla National Stadium, Mirpur",Mirpur, Dec 2 2017,4,0,4 wickets,Nadir Shah,Ranmore Martinesz
2017/18,33rd,Rajshahi Kings,157/6,Chittagong Vikings,124,Daren Sammy,Rajshahi Kings,bat first,Kings,"Zahur Ahmed Chowdhury Stadium, Chittagong",Chittagong,Nov 29 2017,0,33,33 runs,Nayeem Hasan,Qazi Onik
2017/18,36th,Dhaka Dynamites,205/5,Rajshahi Kings,106,Sunil Narine,Dhaka Dynamites,bat first,Dynamites,"Shere Bangla National Stadium, Mirpur",Mirpur, Dec 2 2017,0,99,99 runs,Masudur Rahman,Riazuddin
2017/18,37th,Chittagong Vikings,67,Sylhet Sixers,68/0,Nasir Hossain,Sylhet Sixers,field first,Sixers,"Shere Bangla National Stadium, Mirpur",Mirpur, Dec 3 2017,10,0,10 wickets,Nadir Shah,Tanvir Ahmed
2017/18,38th,Rangpur Riders,147/6,Khulna Titans,128/8,Mohammad Mithun,Khulna Titans,field first,Riders,"Shere Bangla National Stadium, Mirpur",Mirpur, Dec 3 2017,0,19,19 runs,Masudur Rahman,Riazuddin
2017/18,39th,Khulna Titans,174/6,Comilla Victorians,160/7,Ariful Haque,Khulna Titans,bat first,Titans,"Shere Bangla National Stadium, Mirpur",Mirpur, Dec 5 2017,0,14,14 runs,Morshed Ali Khan,Riazuddin
2017/18,40th,Chittagong Vikings,194/2,Rajshahi Kings,149/9,Luis Reece,Rajshahi Kings,field first,Vikings,"Shere Bangla National Stadium, Mirpur",Mirpur, Dec 5 2017,0,45,45 runs,Mahfuzur Rahman,Shafiuddin Ahmed
2017/18,"Eliminator,",Khulna Titans,167/6,Rangpur Riders,171/2,Chris Gayle,Rangpur Riders,field first,Riders,"Shere Bangla National Stadium, Mirpur",Mirpur, Dec 8 2017,8,0,8 wickets,Anisur Rahman,Masudur Rahman
2017/18,Qualifier,Dhaka Dynamites,191/7,Comilla Victorians,96,Shahid Afridi,Dhaka Dynamites,bat first,Dynamites,"Shere Bangla National Stadium, Mirpur",Mirpur, Dec 8 2017,0,95,95 runs,Mahfuzur Rahman,Masudur Rahman
2017/18,41st,Dhaka Dynamites,137/7,Rangpur Riders,94/7,Shakib Al Hasan,Dhaka Dynamites,bat first,Dynamites,"Shere Bangla National Stadium, Mirpur",Mirpur, Dec 6 2017,0,43,43 runs,Nadir Shah,Riazuddin
2017/18,42nd,Comilla Victorians,170/4,Sylhet Sixers,145/7,Litton Das,Sylhet Sixers,field first,Victorians,"Shere Bangla National Stadium, Mirpur",Mirpur, Dec 6 2017,0,25,25 runs,Akteruzzaman,Moniruzzaman
2015/16,2nd,Comilla Victorians,110/8,Dhaka Dynamites,112/4,Abul Hasan,Comilla Victorians,bat first,Dynamites,"Shere Bangla National Stadium, Mirpur",Mirpur,Nov 22 2015,6,0,6 wickets,Enamul Haque,Ranmore Martinesz
2015/16,1st,Chittagong Vikings,187/7,Rangpur Riders,188/8,Misbah-ul-Haq,Chittagong Vikings,bat first,Riders,"Shere Bangla National Stadium, Mirpur",Mirpur,Nov 22 2015,2,0,2 wickets,Enamul Haque,Sharfuddoula
2017/18,Qualifier,Rangpur Riders,192/3,Comilla Victorians,156,Johnson Charles,Comilla Victorians,field first,Riders,"Shere Bangla National Stadium, Mirpur",Mirpur,0 - 11 2017,0,36,36 runs,Gazi Sohel,Raveendra Wimalasiri
2015/16,3rd,Chittagong Vikings,180/5,Sylhet Super Stars,179/6,Shafiul Islam,Sylhet Super Stars,field first,Vikings,"Shere Bangla National Stadium, Mirpur",Mirpur,Nov 23 2015,0,0,1 run,Masudur Rahman,Sharfuddoula
2015/16,4th,Barisal Bulls,155/9,Rangpur Riders,142,Kevon Cooper,Rangpur Riders,field first,Bulls,"Shere Bangla National Stadium, Mirpur",Mirpur,Nov 23 2015,0,13,13 runs,Enamul Haque,Masudur Rahman
2015/16,5th,Chittagong Vikings,176/4,Comilla Victorians,177/3,Mashrafe Mortaza,Comilla Victorians,field first,Victorians,"Shere Bangla National Stadium, Mirpur",Mirpur,Nov 24 2015,7,0,7 wickets,Anisur Rahman,Ranmore Martinesz
2015/16,6th,Barisal Bulls,108,Sylhet Super Stars,107/9,Al-Amin Hossain,Barisal Bulls,bat first,Bulls,"Shere Bangla National Stadium, Mirpur",Mirpur,Nov 24 2015,0,0,1 run,Anisur Rahman,Masudur Rahman
2015/16,7th,Rangpur Riders,176/6,Dhaka Dynamites,107,Shakib Al Hasan,Rangpur Riders,bat first,Riders,"Shere Bangla National Stadium, Mirpur",Mirpur,Nov 25 2015,0,69,69 runs,Enamul Haque,Mahfuzur Rahman
2015/16,8th,Barisal Bulls,89,Comilla Victorians,90/2,Nuwan Kulasekara,Barisal Bulls,bat first,Victorians,"Shere Bangla National Stadium, Mirpur",Mirpur,Nov 25 2015,8,0,8 wickets,Masudur Rahman,Tanvir Ahmed
2015/16,9th,Rangpur Riders,109/9,Sylhet Super Stars,103,Shakib Al Hasan,Rangpur Riders,bat first,Riders,"Shere Bangla National Stadium, Mirpur",Mirpur,Nov 26 2015,0,6,6 runs,Sharfuddoula,Tanvir Ahmed
2015/16,11th,Rangpur Riders,82,Comilla Victorians,84/1,Marlon Samuels,Comilla Victorians,field first,Victorians,"Shere Bangla National Stadium, Mirpur",Mirpur,Nov 27 2015,9,0,9 wickets,Mahfuzur Rahman,Masudur Rahman
2015/16,10th,Chittagong Vikings,92,Dhaka Dynamites,96/4,Shadman Islam,Chittagong Vikings,bat first,Dynamites,"Shere Bangla National Stadium, Mirpur",Mirpur,Nov 26 2015,6,0,6 wickets,Ranmore Martinesz,Sharfuddoula
2015/16,12th,Dhaka Dynamites,166/6,Sylhet Super Stars,132,Kumar Sangakkara,Dhaka Dynamites,bat first,Dynamites,"Shere Bangla National Stadium, Mirpur",Mirpur,Nov 27 2015,0,34,34 runs,Mahfuzur Rahman,Tanvir Ahmed
2017/18,Final,Rangpur Riders,206/1,Dhaka Dynamites,149/9,Chris Gayle,Dhaka Dynamites,field first,Riders,"Shere Bangla National Stadium, Mirpur",Mirpur,Dec 12 2017,0,57,57 runs,Mahfuzur Rahman,Riazuddin
2015/16,13th,Barisal Bulls,170/7,Chittagong Vikings,137,Kevon Cooper,Chittagong Vikings,field first,Bulls,"Zahur Ahmed Chowdhury Stadium, Chittagong",Chittagong,Nov 30 2015,0,33,33 runs,Ranmore Martinesz,Sharfuddoula
2019/20,Final,Rajshahi Royals,170/4,Khulna Tigers,149/8,Andre Russell,Khulna Tigers,field first,Royals,"Shere Bangla National Stadium, Mirpur",Mirpur,Jan 17 2020,0,21,21 runs,David Millns,Gazi Sohel
2015/16,23rd,Barisal Bulls,105/6,Comilla Victorians,106/3,Ahmed Shehzad,Comilla Victorians,field first,Victorians,"Shere Bangla National Stadium, Mirpur",Mirpur, Dec 7 2015,7,0,7 wickets,Ahsan Raza,Masudur Rahman
2015/16,14th,Comilla Victorians,164/5,Sylhet Super Stars,168/6,Ravi Bopara,Sylhet Super Stars,field first,Super,"Zahur Ahmed Chowdhury Stadium, Chittagong",Chittagong,Nov 30 2015,0,0,by 4,Enamul Haque,Sharfuddoula
2015/16,20th,Chittagong Vikings,136/5,Comilla Victorians,142/5,Shoaib Malik,Comilla Victorians,field first,Victorians,"Zahur Ahmed Chowdhury Stadium, Chittagong",Chittagong, Dec 3 2015,5,0,5 wickets,Mahfuzur Rahman,Morshed Ali Khan
2015/16,21st,Barisal Bulls,58,Sylhet Super Stars,62/1,Junaid Siddique,Sylhet Super Stars,field first,Super,"Shere Bangla National Stadium, Mirpur",Mirpur, Dec 6 2015,0,0,by 9,Gazi Sohel,Ranmore Martinesz
2015/16,22nd,Dhaka Dynamites,135/7,Rangpur Riders,136/4,Jahurul Islam,Dhaka Dynamites,bat first,Riders,"Shere Bangla National Stadium, Mirpur",Mirpur, Dec 6 2015,6,0,6 wickets,Ahsan Raza,Enamul Haque
2015/16,24th,Sylhet Super Stars,59,Rangpur Riders,60/2,Arafat Sunny,Rangpur Riders,field first,Riders,"Shere Bangla National Stadium, Mirpur",Mirpur, Dec 7 2015,8,0,8 wickets,Anisur Rahman,Gazi Sohel
2015/16,25th,Dhaka Dynamites,121/8,Chittagong Vikings,76,Mosharraf Hossain,Chittagong Vikings,field first,Dynamites,"Shere Bangla National Stadium, Mirpur",Mirpur, Dec 8 2015,0,45,45 runs,Ahsan Raza,Masudur Rahman
2015/16,27th,Dhaka Dynamites,157/5,Sylhet Super Stars,162/4,Ravi Bopara,Sylhet Super Stars,field first,Super,"Shere Bangla National Stadium, Mirpur",Mirpur, Dec 9 2015,0,0,by 6,Mahfuzur Rahman,Masudur Rahman
2015/16,28th,Chittagong Vikings,135/7,Barisal Bulls,141/2,Chris Gayle,Barisal Bulls,field first,Bulls,"Shere Bangla National Stadium, Mirpur",Mirpur, Dec 9 2015,8,0,8 wickets,Ahsan Raza,Gazi Sohel
2015/16,26th,Rangpur Riders,153/6,Comilla Victorians,132,Jahurul Islam,Comilla Victorians,field first,Riders,"Shere Bangla National Stadium, Mirpur",Mirpur, Dec 8 2015,0,21,21 runs,Gazi Sohel,Ranmore Martinesz
2015/16,29th,Comilla Victorians,150/4,Sylhet Super Stars,79,Ahmed Shehzad,Sylhet Super Stars,field first,Victorians,"Shere Bangla National Stadium, Mirpur",Mirpur,Dec 10 2015,0,71,71 runs,Ahsan Raza,Enamul Haque
2015/16,Qualifier,Comilla Victorians,163/7,Rangpur Riders,91,Ashar Zaidi,Rangpur Riders,field first,Victorians,"Shere Bangla National Stadium, Mirpur",Mirpur,Dec 12 2015,0,72,72 runs,Enamul Haque,Ranmore Martinesz
2015/16,Final,Barisal Bulls,156/4,Comilla Victorians,157/7,Alok Kapali,Comilla Victorians,field first,Victorians,"Shere Bangla National Stadium, Mirpur",Mirpur,Dec 15 2015,3,0,3 wickets,Ahsan Raza,Ranmore Martinesz
2015/16,Eliminator,Barisal Bulls,135/5,Dhaka Dynamites,117/8,Al-Amin Hossain,Dhaka Dynamites,field first,Bulls,"Shere Bangla National Stadium, Mirpur",Mirpur,Dec 12 2015,0,18,18 runs,Ahsan Raza,Gazi Sohel
2015/16,Qualifier,Rangpur Riders,160/9,Barisal Bulls,163/5,Sabbir Rahman,Rangpur Riders,bat first,Bulls,"Shere Bangla National Stadium, Mirpur",Mirpur,Dec 13 2015,5,0,5 wickets,Enamul Haque,Ranmore Martinesz
2011/12,11th,Sylhet Royals,152/4,Chittagong Kings,154/3,Mahmudullah,Sylhet Royals,bat first,Chittagong,"Shere Bangla National Stadium, Mirpur",Mirpur,Feb 15 2012,7,0,7 wickets,Enamul Haque,Jeremy Lloyds
2011/12,1st,Sylhet Royals,165/4,Barisal Burners,167/0,Chris Gayle,Barisal Burners,field first,Barisal,"Shere Bangla National Stadium, Mirpur",Mirpur,Feb 10 2012,10,0,10 wickets,Anisur Rahman,David Orchard
2011/12,13th,Barisal Burners,125/6,Chittagong Kings,126/2,Nasir Jamshed,Chittagong Kings,field first,Chittagong,"Shere Bangla National Stadium, Mirpur",Mirpur,Feb 16 2012,8,0,8 wickets,David Orchard,Enamul Haque
2011/12,14th,Duronto Rajshahi,144/9,Dhaka Gladiators,130/7,Marlon Samuels,Dhaka Gladiators,field first,Rajshahi,"Shere Bangla National Stadium, Mirpur",Mirpur,Feb 16 2012,0,14,14 runs,Jeremy Lloyds,Sharfuddoula
2011/12,17th,Dhaka Gladiators,140/8,Khulna Royal Bengals,141/3,Shivnarine Chanderpaul,Dhaka Gladiators,bat first,Khulna,"Zahur Ahmed Chowdhury Stadium, Chittagong",Chittagong,Feb 19 2012,7,0,7 wickets,David Orchard,Sharfuddoula
2011/12,16th,Duronto Rajshahi,126/6,Chittagong Kings,117/9,Saqlain Sajib,Duronto Rajshahi,bat first,Rajshahi,"Zahur Ahmed Chowdhury Stadium, Chittagong",Chittagong,Feb 18 2012,0,9,9 runs,David Orchard,Sharfuddoula
2011/12,12th,Khulna Royal Bengals,145/7,Duronto Rajshahi,146/4,Mushfiqur Rahim,Khulna Royal Bengals,bat first,Rajshahi,"Shere Bangla National Stadium, Mirpur",Mirpur,Feb 15 2012,6,0,6 wickets,David Orchard,Masudur Rahman
2011/12,15th,Khulna Royal Bengals,171/6,Sylhet Royals,169/8,Andre Russell,Sylhet Royals,field first,Khulna,"Zahur Ahmed Chowdhury Stadium, Chittagong",Chittagong,Feb 18 2012,0,2,2 runs,Enamul Haque,Jeremy Lloyds
2011/12,18th,Sylhet Royals,120/7,Barisal Burners,121/1,Brad Hodge,Sylhet Royals,bat first,Barisal,"Zahur Ahmed Chowdhury Stadium, Chittagong",Chittagong,Feb 19 2012,9,0,9 wickets,Enamul Haque,Jeremy Lloyds
2011/12,19th,Barisal Burners,192/3,Duronto Rajshahi,193/1,Junaid Siddique,Barisal Burners,bat first,Rajshahi,"Zahur Ahmed Chowdhury Stadium, Chittagong",Chittagong,Feb 20 2012,9,0,9 wickets,Enamul Haque,Jeremy Lloyds
2021/22,11th,Fortune Barishal,141/9,Khulna Tigers,124,Mehedi Hasan Rana,Khulna Tigers,field first,Barishal,"Zahur Ahmed Chowdhury Stadium, Chattogram",Chattogram,Jan 29 2022,0,17,17 runs,Morshed Ali Khan,Prageeth Rambukwella
2011/12,20th,Khulna Royal Bengals,137/6,Chittagong Kings,93,Nasir Hossain,Chittagong Kings,field first,Khulna,"Zahur Ahmed Chowdhury Stadium, Chittagong",Chittagong,Feb 20 2012,0,44,44 runs,David Orchard,Sharfuddoula
2011/12,22nd,Khulna Royal Bengals,161/7,Barisal Burners,162/6,Mominul Haque,Khulna Royal Bengals,bat first,Barisal,"Zahur Ahmed Chowdhury Stadium, Chittagong",Chittagong,Feb 22 2012,4,0,4 wickets,Enamul Haque,Jeremy Lloyds
2011/12,24th,Duronto Rajshahi,124/9,Sylhet Royals,125/1,Sohail Tanvir,Sylhet Royals,field first,Royals,"Shere Bangla National Stadium, Mirpur",Mirpur,Feb 24 2012,9,0,9 wickets,Anisur Rahman,Jeremy Lloyds
2011/12,23rd,Chittagong Kings,120/6,Dhaka Gladiators,107/9,Dwayne Bravo,Dhaka Gladiators,field first,Chittagong,"Shere Bangla National Stadium, Mirpur",Mirpur,Feb 24 2012,0,13,13 runs,David Orchard,Nadir Shah
2011/12,21st,Sylhet Royals,128/7,Dhaka Gladiators,132/2,Azhar Mahmood,Dhaka Gladiators,field first,Dhaka,"Zahur Ahmed Chowdhury Stadium, Chittagong",Chittagong,Feb 22 2012,8,0,8 wickets,David Orchard,Sharfuddoula
2011/12,25th,Barisal Burners,156/6,Dhaka Gladiators,160/5,Imran Nazir,Dhaka Gladiators,field first,Dhaka,"Shere Bangla National Stadium, Mirpur",Mirpur,Feb 25 2012,5,0,5 wickets,Jeremy Lloyds,Nadir Shah
2011/12,26th,Sylhet Royals,165/3,Chittagong Kings,130/8,Peter Trego,Chittagong Kings,field first,Royals,"Shere Bangla National Stadium, Mirpur",Mirpur,Feb 25 2012,0,35,35 runs,David Orchard,Masudur Rahman
2011/12,27th,Khulna Royal Bengals,106,Duronto Rajshahi,110/2,Sean Ervine,Khulna Royal Bengals,bat first,Rajshahi,"Shere Bangla National Stadium, Mirpur",Mirpur,Feb 26 2012,8,0,8 wickets,David Orchard,Nadir Shah
2011/12,29th,Dhaka Gladiators,116,Duronto Rajshahi,120/7,Mohammad Sami,Dhaka Gladiators,bat first,Rajshahi,"Shere Bangla National Stadium, Mirpur",Mirpur,Feb 27 2012,3,0,3 wickets,Mahfuzur Rahman,Nadir Shah
2011/12,28th,Chittagong Kings,150/9,Barisal Burners,151/5,Brad Hodge,Barisal Burners,field first,Barisal,"Shere Bangla National Stadium, Mirpur",Mirpur,Feb 26 2012,5,0,5 wickets,Gazi Sohel,Jeremy Lloyds
2011/12,1st,Duronto Rajshahi,184/6,Barisal Burners,189/2,Ahmed Shehzad,Barisal Burners,field first,Barisal,"Shere Bangla National Stadium, Mirpur",Mirpur,Feb 28 2012,8,0,8 wickets,David Orchard,Sharfuddoula
2011/12,2nd,Dhaka Gladiators,191/4,Khulna Royal Bengals,182/7,Azhar Mahmood,Dhaka Gladiators,bat first,Dhaka,"Shere Bangla National Stadium, Mirpur",Mirpur,Feb 28 2012,0,9,9 runs,Enamul Haque,Nadir Shah
